posts/2016-07-14-finally-an-android-app.html,Finally an android app
posts/2016-03-27-hello-world.html,Hello World!
posts/2017-01-08-the-girl-i-once-loved.html,The Girl I Once Loved
posts/2016-07-18-at-nelkinda-coderetreat.html,At Nelkinda Coderetreat
posts/2017-01-08-the-girl-i-once-loved.html,The Girl I Once Loved
posts/2016-07-18-at-nelkinda-coderetreat.html,At Nelkinda Coderetreat
posts/2016-07-14-finally-an-android-app.html,Finally an android app
posts/2016-03-27-hello-world.html,Hello World!
posts/2016-07-14-finally-an-android-app.html,Finally an android app
posts/2016-03-27-hello-world.html,Hello World!
posts/2017-01-08-the-girl-i-once-loved.html,The Girl I Once Loved
posts/2016-07-18-at-nelkinda-coderetreat.html,At Nelkinda Coderetreat
posts/2016-07-18-at-nelkinda-coderetreat.html,At Nelkinda Coderetreat
posts/2017-01-08-the-girl-i-once-loved.html,The Girl I Once Loved
posts/2016-07-14-finally-an-android-app.html,Finally an android app
posts/2016-03-27-hello-world.html,Hello World!
posts/2016-03-27-hello-world.html,Hello World!
posts/2016-07-14-finally-an-android-app.html,Finally an android app
posts/2017-01-08-the-girl-i-once-loved.html,The Girl I Once Loved
posts/2016-07-18-at-nelkinda-coderetreat.html,At Nelkinda Coderetreat
posts/2016-07-14-finally-an-android-app.html,Finally an android app
posts/2016-07-18-at-nelkinda-coderetreat.html,At Nelkinda Coderetreat
posts/2016-03-27-hello-world.html,Hello World!
posts/2017-01-08-the-girl-i-once-loved.html,The Girl I Once Loved
posts/2017-01-08-the-girl-i-once-loved.html,The Girl I Once Loved
posts/2016-03-27-hello-world.html,Hello World!
posts/2016-07-18-at-nelkinda-coderetreat.html,At Nelkinda Coderetreat
posts/2016-07-14-finally-an-android-app.html,Finally an android app
posts/2017-01-08-the-girl-i-once-loved.html,The Girl I Once Loved
posts/2016-03-27-hello-world.html,Hello World!
posts/2016-07-18-at-nelkinda-coderetreat.html,At Nelkinda Coderetreat
posts/2016-07-14-finally-an-android-app.html,Finally an android app
posts/2016-07-18-at-nelkinda-coderetreat.html,At Nelkinda Coderetreat
posts/2016-07-14-finally-an-android-app.html,Finally an android app
posts/2017-01-08-the-girl-i-once-loved.html,The Girl I Once Loved
posts/2016-03-27-hello-world.html,Hello World!
posts/2017-01-08-the-girl-i-once-loved.html,The Girl I Once Loved
posts/2016-07-14-finally-an-android-app.html,Finally an android app
posts/2016-07-18-at-nelkinda-coderetreat.html,At Nelkinda Coderetreat
posts/2016-03-27-hello-world.html,Hello World!
posts/2016-03-27-hello-world.html,Hello World!
posts/2016-07-18-at-nelkinda-coderetreat.html,At Nelkinda Coderetreat
posts/2016-07-14-finally-an-android-app.html,Finally an android app
posts/2017-01-08-the-girl-i-once-loved.html,The Girl I Once Loved
posts/2016-07-18-at-nelkinda-coderetreat.html,At Nelkinda Coderetreat
posts/2016-03-27-hello-world.html,Hello World!
posts/2017-01-08-the-girl-i-once-loved.html,The Girl I Once Loved
posts/2016-07-14-finally-an-android-app.html,Finally an android app
posts/2016-07-14-finally-an-android-app.html,Finally an android app
posts/2016-07-18-at-nelkinda-coderetreat.html,At Nelkinda Coderetreat
posts/2016-03-27-hello-world.html,Hello World!
posts/2017-01-08-the-girl-i-once-loved.html,The Girl I Once Loved
posts/2016-07-14-finally-an-android-app.html,Finally an android app
posts/2016-03-27-hello-world.html,Hello World!
posts/2017-01-08-the-girl-i-once-loved.html,The Girl I Once Loved
posts/2016-07-18-at-nelkinda-coderetreat.html,At Nelkinda Coderetreat
posts/2016-07-14-finally-an-android-app.html,Finally an android app
posts/2017-01-08-the-girl-i-once-loved.html,The Girl I Once Loved
posts/2016-03-27-hello-world.html,Hello World!
posts/2016-07-18-at-nelkinda-coderetreat.html,At Nelkinda Coderetreat
posts/2017-01-08-the-girl-i-once-loved.html,The Girl I Once Loved
posts/2016-03-27-hello-world.html,Hello World!
posts/2016-07-18-at-nelkinda-coderetreat.html,At Nelkinda Coderetreat
posts/2016-07-14-finally-an-android-app.html,Finally an android app
posts/2016-07-14-finally-an-android-app.html,Finally an android app
posts/2016-07-18-at-nelkinda-coderetreat.html,At Nelkinda Coderetreat
posts/2016-03-27-hello-world.html,Hello World!
posts/2017-01-08-the-girl-i-once-loved.html,The Girl I Once Loved
posts/2016-03-27-hello-world.html,Hello World!
posts/2017-01-08-the-girl-i-once-loved.html,The Girl I Once Loved
posts/2016-07-14-finally-an-android-app.html,Finally an android app
posts/2016-07-18-at-nelkinda-coderetreat.html,At Nelkinda Coderetreat
posts/2016-03-27-hello-world.html,Hello World!
posts/2017-01-08-the-girl-i-once-loved.html,The Girl I Once Loved
posts/2016-07-18-at-nelkinda-coderetreat.html,At Nelkinda Coderetreat
posts/2016-07-14-finally-an-android-app.html,Finally an android app
posts/2017-01-08-the-girl-i-once-loved.html,The Girl I Once Loved
posts/2016-07-18-at-nelkinda-coderetreat.html,At Nelkinda Coderetreat
posts/2016-03-27-hello-world.html,Hello World!
posts/2016-07-14-finally-an-android-app.html,Finally an android app
posts/2017-01-08-the-girl-i-once-loved.html,The Girl I Once Loved
posts/2016-07-18-at-nelkinda-coderetreat.html,At Nelkinda Coderetreat
posts/2016-07-14-finally-an-android-app.html,Finally an android app
posts/2016-03-27-hello-world.html,Hello World!
posts/2016-03-27-hello-world.html,Hello World!
posts/2017-01-08-the-girl-i-once-loved.html,The Girl I Once Loved
posts/2016-07-14-finally-an-android-app.html,Finally an android app
posts/2016-07-18-at-nelkinda-coderetreat.html,At Nelkinda Coderetreat
